satz_id;variante_H2O;wiederholung;datum_bewaesserung;bewaesserung_mm
1;Wfull;a;2020-05-06;8.04
1;Wfull;b;2020-05-06;8.57
1;Wfull;c;2020-05-06;8.46
1;Wfull;d;2020-05-06;8.69
1;Wred;a;2020-05-06;8.61
1;Wred;b;2020-05-06;8.06
1;Wred;c;2020-05-06;8.59
1;Wred;d;2020-05-06;8.5
1;Wfull;a;2020-05-16;8.76
1;Wfull;b;2020-05-16;9.26
1;Wfull;c;2020-05-16;9.37
1;Wfull;d;2020-05-16;10.76
1;Wfull;a;2020-05-19;9.03
1;Wfull;b;2020-05-19;9.41
1;Wfull;c;2020-05-19;9.31
1;Wfull;d;2020-05-19;10.97
1;Wred;a;2020-05-19;9.64
1;Wred;b;2020-05-19;8.99
1;Wred;c;2020-05-19;9.37
1;Wred;d;2020-05-19;10.69
1;Wfull;a;2020-05-23;19.45
1;Wfull;b;2020-05-23;20.15
1;Wfull;c;2020-05-23;20.4
1;Wfull;d;2020-05-23;20.59
1;Wfull;a;2020-05-26;18.67
1;Wfull;b;2020-05-26;19.6
1;Wfull;c;2020-05-26;19.73
1;Wfull;d;2020-05-26;19.94
1;Wfull;a;2020-05-29;19.31
1;Wfull;b;2020-05-29;20.17
1;Wfull;c;2020-05-29;19.94
1;Wfull;d;2020-05-29;20.57
1;Wred;a;2020-05-29;20.59
1;Wred;b;2020-05-29;19.33
1;Wred;c;2020-05-29;20.11
1;Wred;d;2020-05-29;20.02
1;Wfull;a;2020-06-01;5.66
1;Wfull;b;2020-06-01;6.25
1;Wfull;c;2020-06-01;6.11
1;Wfull;d;2020-06-01;6.13
1;Wfull;a;2020-06-02;13.83
1;Wfull;b;2020-06-02;15.09
1;Wfull;c;2020-06-02;14.99
1;Wfull;d;2020-06-02;14.86
1;Wfull;a;2020-06-12;16.65
1;Wfull;b;2020-06-12;17.5
1;Wfull;c;2020-06-12;17.54
1;Wfull;d;2020-06-12;18.13
1;Wred;a;2020-06-12;18
1;Wred;b;2020-06-12;16.61
1;Wred;c;2020-06-12;17.58
1;Wred;d;2020-06-12;17.68
2;Wfull;a;2020-07-27;0.8
2;Wfull;b;2020-07-27;0.8
2;Wfull;c;2020-07-27;0.8
2;Wfull;d;2020-07-27;0.8
2;Wred;a;2020-07-27;0.8
2;Wred;b;2020-07-27;0.8
2;Wred;c;2020-07-27;0.8
2;Wred;d;2020-07-27;0.8
2;Wfull;a;2020-07-28;13.4
2;Wfull;b;2020-07-28;14.3
2;Wfull;c;2020-07-28;14
2;Wfull;d;2020-07-28;13.7
2;Wred;a;2020-07-28;13.6
2;Wred;b;2020-07-28;13.4
2;Wred;c;2020-07-28;14.3
2;Wred;d;2020-07-28;14
2;Wfull;a;2020-07-30;9
2;Wfull;b;2020-07-30;9.8
2;Wfull;c;2020-07-30;9.7
2;Wfull;d;2020-07-30;9.8
2;Wred;a;2020-07-30;9.7
2;Wred;b;2020-07-30;9
2;Wred;c;2020-07-30;9.8
2;Wred;d;2020-07-30;9.7
2;Wfull;a;2020-07-31;0.5
2;Wfull;b;2020-07-31;0.5
2;Wfull;c;2020-07-31;0.6
2;Wfull;d;2020-07-31;0.6
2;Wred;a;2020-07-31;0.6
2;Wred;b;2020-07-31;0.5
2;Wred;c;2020-07-31;0.6
2;Wred;d;2020-07-31;0.6
2;Wfull;a;2020-08-01;9
2;Wfull;b;2020-08-01;9.4
2;Wfull;c;2020-08-01;9.5
2;Wfull;d;2020-08-01;9.4
2;Wred;a;2020-08-01;9.4
2;Wred;b;2020-08-01;9
2;Wred;c;2020-08-01;9.4
2;Wred;d;2020-08-01;9.5
2;Wfull;a;2020-08-05;4.8
2;Wfull;b;2020-08-05;5
2;Wfull;c;2020-08-05;5
2;Wfull;d;2020-08-05;5
2;Wred;a;2020-08-05;5
2;Wred;b;2020-08-05;4.8
2;Wred;c;2020-08-05;5
2;Wred;d;2020-08-05;5.1
2;Wfull;a;2020-08-07;9.3
2;Wfull;b;2020-08-07;9.5
2;Wfull;c;2020-08-07;9.6
2;Wfull;d;2020-08-07;9.7
2;Wred;a;2020-08-07;9.6
2;Wred;b;2020-08-07;9.3
2;Wred;c;2020-08-07;9.5
2;Wred;d;2020-08-07;9.7
2;Wfull;a;2020-08-11;9
2;Wfull;b;2020-08-11;9.2
2;Wfull;c;2020-08-11;9.3
2;Wfull;d;2020-08-11;9.3
2;Wred;a;2020-08-11;9.3
2;Wred;b;2020-08-11;9
2;Wred;c;2020-08-11;8.8
2;Wred;d;2020-08-11;9.4
2;Wfull;a;2020-08-18;9.4
2;Wfull;b;2020-08-18;9.3
2;Wfull;c;2020-08-18;9.7
2;Wfull;d;2020-08-18;9.3
2;Wfull;a;2020-08-24;19.2
2;Wfull;b;2020-08-24;18.6
2;Wfull;c;2020-08-24;19.4
2;Wfull;d;2020-08-24;18.3
2;Wfull;a;2020-08-29;19.4
2;Wfull;b;2020-08-29;18.2
2;Wfull;c;2020-08-29;19.5
2;Wfull;d;2020-08-29;18.1
2;Wfull;a;2020-09-08;18.8
2;Wfull;b;2020-09-08;18.1
2;Wfull;c;2020-09-08;19.7
2;Wfull;d;2020-09-08;17.6
3;Wfull_plus;a;2021-04-19;0.72
3;Wfull_plus;b;2021-04-19;0.67
3;Wfull_plus;c;2021-04-19;0.74
3;Wfull_plus;d;2021-04-19;0.65
3;Wfull;a;2021-04-19;0.76
3;Wfull;b;2021-04-19;0.69
3;Wfull;c;2021-04-19;0.7
3;Wfull;d;2021-04-19;0.63
3;Wred;a;2021-04-19;0.7
3;Wred;b;2021-04-19;0.67
3;Wred;c;2021-04-19;0.7
3;Wred;d;2021-04-19;0.69
3;Wfull_plus;a;2021-04-20;5.01
3;Wfull_plus;b;2021-04-20;4.72
3;Wfull_plus;c;2021-04-20;5.01
3;Wfull_plus;d;2021-04-20;4.7
3;Wfull;a;2021-04-20;5.3
3;Wfull;b;2021-04-20;4.8
3;Wfull;c;2021-04-20;4.69
3;Wfull;d;2021-04-20;4.69
3;Wred;a;2021-04-20;4.93
3;Wred;b;2021-04-20;4.72
3;Wred;c;2021-04-20;4.69
3;Wred;d;2021-04-20;5.01
3;Wfull_plus;a;2021-04-23;4.44
3;Wfull_plus;b;2021-04-23;4.36
3;Wfull_plus;c;2021-04-23;4.65
3;Wfull_plus;d;2021-04-23;4.36
3;Wfull;a;2021-04-23;4.65
3;Wfull;b;2021-04-23;4.44
3;Wfull;c;2021-04-23;4.36
3;Wfull;d;2021-04-23;4.36
3;Wred;a;2021-04-23;4.34
3;Wred;b;2021-04-23;4.36
3;Wred;c;2021-04-23;4.36
3;Wred;d;2021-04-23;4.65
3;Wfull_plus;a;2021-04-26;5.43
3;Wfull_plus;b;2021-04-26;5.28
3;Wfull_plus;c;2021-04-26;5.66
3;Wfull_plus;d;2021-04-26;5.28
3;Wfull;a;2021-04-26;5.64
3;Wfull;b;2021-04-26;5.45
3;Wfull;c;2021-04-26;5.3
3;Wfull;d;2021-04-26;5.28
3;Wred;a;2021-04-26;5.28
3;Wred;b;2021-04-26;5.28
3;Wred;c;2021-04-26;5.3
3;Wred;d;2021-04-26;5.64
3;Wfull_plus;a;2021-04-27;13.18
3;Wfull_plus;b;2021-04-27;12.93
3;Wfull_plus;c;2021-04-27;13.37
3;Wfull_plus;d;2021-04-27;12.63
3;Wfull_plus;a;2021-05-04;5.56
3;Wfull_plus;b;2021-05-04;5.31
3;Wfull_plus;c;2021-05-04;5.68
3;Wfull_plus;d;2021-05-04;5.33
3;Wfull;a;2021-05-04;5.7
3;Wfull;b;2021-05-04;5.52
3;Wfull;c;2021-05-04;5.33
3;Wfull;d;2021-05-04;5.33
3;Wred;a;2021-05-04;5.35
3;Wred;b;2021-05-04;5.33
3;Wred;c;2021-05-04;5.33
3;Wred;d;2021-05-04;5.68
3;Wfull_plus;a;2021-05-15;13.81
3;Wfull_plus;b;2021-05-15;13.33
3;Wfull_plus;c;2021-05-15;13.68
3;Wfull_plus;d;2021-05-15;13.03
3;Wfull_plus;a;2021-05-25;23.31
3;Wfull_plus;b;2021-05-25;22.53
3;Wfull_plus;c;2021-05-25;23.1
3;Wfull_plus;d;2021-05-25;22.11
4;Wfull_plus;a;2021-06-14;0.34
4;Wfull_plus;b;2021-06-14;0.3
4;Wfull_plus;c;2021-06-14;0.34
4;Wfull_plus;d;2021-06-14;0.3
4;Wfull;a;2021-06-14;0.32
4;Wfull;b;2021-06-14;0.32
4;Wfull;c;2021-06-14;0.34
4;Wfull;d;2021-06-14;0.3
4;Wred;a;2021-06-14;0.34
4;Wred;b;2021-06-14;0.3
4;Wred;c;2021-06-14;0.32
4;Wred;d;2021-06-14;0.32
4;Wfull_plus;a;2021-06-15;11.12
4;Wfull_plus;b;2021-06-15;10.65
4;Wfull_plus;c;2021-06-15;11.07
4;Wfull_plus;d;2021-06-15;10.67
4;Wfull;a;2021-06-15;10.67
4;Wfull;b;2021-06-15;11.07
4;Wfull;c;2021-06-15;11.09
4;Wfull;d;2021-06-15;10.63
4;Wred;a;2021-06-15;11.07
4;Wred;b;2021-06-15;10.69
4;Wred;c;2021-06-15;10.61
4;Wred;d;2021-06-15;11.1
4;Wfull_plus;a;2021-06-17;11.24
4;Wfull_plus;b;2021-06-17;10.78
4;Wfull_plus;c;2021-06-17;11.12
4;Wfull_plus;d;2021-06-17;10.86
4;Wfull;a;2021-06-17;10.82
4;Wfull;b;2021-06-17;11.16
4;Wfull;c;2021-06-17;11.24
4;Wfull;d;2021-06-17;10.76
4;Wred;a;2021-06-17;11.1
4;Wred;b;2021-06-17;10.88
4;Wred;c;2021-06-17;10.74
4;Wred;d;2021-06-17;11.26
4;Wfull_plus;a;2021-06-19;11.22
4;Wfull_plus;b;2021-06-19;10.72
4;Wfull_plus;c;2021-06-19;11.14
4;Wfull_plus;d;2021-06-19;10.97
4;Wfull;a;2021-06-19;10.93
4;Wfull;b;2021-06-19;11.1
4;Wfull;c;2021-06-19;11.22
4;Wfull;d;2021-06-19;10.72
4;Wred;a;2021-06-19;11.1
4;Wred;b;2021-06-19;10.93
4;Wred;c;2021-06-19;10.72
4;Wred;d;2021-06-19;11.22
4;Wfull_plus;a;2021-06-22;11.18
4;Wfull_plus;b;2021-06-22;10.67
4;Wfull_plus;c;2021-06-22;11.09
4;Wfull_plus;d;2021-06-22;10.84
4;Wfull;a;2021-06-22;10.82
4;Wfull;b;2021-06-22;11.09
4;Wfull;c;2021-06-22;11.2
4;Wfull;d;2021-06-22;10.78
4;Wred;a;2021-06-22;11.07
4;Wred;b;2021-06-22;10.82
4;Wred;c;2021-06-22;10.76
4;Wred;d;2021-06-22;11.22
4;Wfull_plus;a;2021-07-03;10.17
4;Wfull_plus;b;2021-07-03;9.77
4;Wfull_plus;c;2021-07-03;10.11
4;Wfull_plus;d;2021-07-03;9.92
4;Wfull_plus;a;2021-07-20;29.6
4;Wfull_plus;b;2021-07-20;28.95
4;Wfull_plus;c;2021-07-20;29.28
4;Wfull_plus;d;2021-07-20;28.99
4;Wfull;a;2021-07-20;4.42
4;Wfull;b;2021-07-20;4.8
4;Wfull;c;2021-07-20;4.74
4;Wfull;d;2021-07-20;4.53
4;Wred;a;2021-07-20;4.65
4;Wred;b;2021-07-20;4.44
4;Wred;c;2021-07-20;4.69
4;Wred;d;2021-07-20;4.74
4;Wfull;a;2021-07-22;27.9
4;Wfull;b;2021-07-22;27.68
4;Wfull;c;2021-07-22;28.08
4;Wfull;d;2021-07-22;27.9
4;Wfull_plus;a;2021-07-24;30.46
4;Wfull_plus;b;2021-07-24;30.42
4;Wfull_plus;c;2021-07-24;30.3
4;Wfull_plus;d;2021-07-24;30.67
5;Wfull_plus;a;2021-07-27;0.29
5;Wfull_plus;b;2021-07-27;0.29
5;Wfull_plus;c;2021-07-27;0.29
5;Wfull_plus;d;2021-07-27;0.29
5;Wfull;a;2021-07-27;0.29
5;Wfull;b;2021-07-27;0.29
5;Wfull;c;2021-07-27;0.29
5;Wfull;d;2021-07-27;0.27
5;Wred;a;2021-07-27;0.29
5;Wred;b;2021-07-27;0.3
5;Wred;c;2021-07-27;0.29
5;Wred;d;2021-07-27;0.29
5;Wfull_plus;a;2021-07-28;8.48
5;Wfull_plus;b;2021-07-28;8.53
5;Wfull_plus;c;2021-07-28;8.67
5;Wfull_plus;d;2021-07-28;8.76
5;Wfull;a;2021-07-28;8.63
5;Wfull;b;2021-07-28;8.51
5;Wfull;c;2021-07-28;8.76
5;Wfull;d;2021-07-28;8.51
5;Wred;a;2021-07-28;8.48
5;Wred;b;2021-07-28;8.76
5;Wred;c;2021-07-28;8.53
5;Wred;d;2021-07-28;8.65
5;Wfull_plus;a;2021-07-30;4.72
5;Wfull_plus;b;2021-07-30;4.97
5;Wfull_plus;c;2021-07-30;4.86
5;Wfull_plus;d;2021-07-30;4.86
5;Wfull;a;2021-07-30;4.88
5;Wfull;b;2021-07-30;4.72
5;Wfull;c;2021-07-30;4.84
5;Wfull;d;2021-07-30;4.95
5;Wred;a;2021-07-30;4.97
5;Wred;b;2021-07-30;4.88
5;Wred;c;2021-07-30;4.69
5;Wred;d;2021-07-30;4.86
5;Wfull_plus;a;2021-08-01;4.7
5;Wfull_plus;b;2021-08-01;5.01
5;Wfull_plus;c;2021-08-01;4.88
5;Wfull_plus;d;2021-08-01;4.88
5;Wfull;a;2021-08-01;4.88
5;Wfull;b;2021-08-01;4.72
5;Wfull;c;2021-08-01;4.88
5;Wfull;d;2021-08-01;4.99
5;Wred;a;2021-08-01;4.99
5;Wred;b;2021-08-01;4.88
5;Wred;c;2021-08-01;4.72
5;Wred;d;2021-08-01;4.88
5;Wfull_plus;a;2021-08-11;11.96
5;Wfull_plus;b;2021-08-11;12.38
5;Wfull_plus;c;2021-08-11;12.06
5;Wfull_plus;d;2021-08-11;11.81
5;Wfull_plus;a;2021-08-14;9.18
5;Wfull_plus;b;2021-08-14;9.33
5;Wfull_plus;c;2021-08-14;9.24
5;Wfull_plus;d;2021-08-14;8.99
5;Wfull;a;2021-08-14;9.31
5;Wfull;b;2021-08-14;8.99
5;Wfull;c;2021-08-14;8.84
5;Wfull;d;2021-08-14;9.43
5;Wfull_plus;a;2021-08-17;4.51
5;Wfull_plus;b;2021-08-17;4.67
5;Wfull_plus;c;2021-08-17;4.67
5;Wfull_plus;d;2021-08-17;4.42
5;Wfull;a;2021-08-17;4.67
5;Wfull;b;2021-08-17;4.51
5;Wfull;c;2021-08-17;4.42
5;Wfull;d;2021-08-17;4.67
5;Wred;a;2021-08-17;4.69
5;Wred;b;2021-08-17;4.4
5;Wred;c;2021-08-17;4.53
5;Wred;d;2021-08-17;4.65
5;Wfull_plus;a;2021-08-21;20.9
5;Wfull_plus;b;2021-08-21;21.71
5;Wfull_plus;c;2021-08-21;21.16
5;Wfull_plus;d;2021-08-21;20.72
5;Wfull_plus;a;2021-08-24;4.84
5;Wfull_plus;b;2021-08-24;4.97
5;Wfull_plus;c;2021-08-24;4.99
5;Wfull_plus;d;2021-08-24;4.84
5;Wfull;a;2021-08-24;5.01
5;Wfull;b;2021-08-24;4.84
5;Wfull;c;2021-08-24;4.86
5;Wfull;d;2021-08-24;4.95
5;Wred;a;2021-08-24;4.99
5;Wred;b;2021-08-24;4.86
5;Wred;c;2021-08-24;4.84
5;Wred;d;2021-08-24;4.97
5;Wfull_plus;a;2021-08-31;21.33
5;Wfull_plus;b;2021-08-31;21.56
5;Wfull_plus;c;2021-08-31;21.5
5;Wfull_plus;d;2021-08-31;21.26
5;Wfull;a;2021-08-31;21.64
5;Wfull;b;2021-08-31;21.07
5;Wfull;c;2021-08-31;20.88
5;Wfull;d;2021-08-31;21.75
5;Wfull_plus;a;2021-09-06;22.55
5;Wfull_plus;b;2021-09-06;23.07
5;Wfull_plus;c;2021-09-06;23.87
5;Wfull_plus;d;2021-09-06;21.77
5;Wfull;a;2021-09-06;23.64
5;Wfull;b;2021-09-06;22.74
5;Wfull;c;2021-09-06;21.83
5;Wfull;d;2021-09-06;23.12
5;Wred;a;2021-09-06;22.91
5;Wred;b;2021-09-06;21.92
5;Wred;c;2021-09-06;22.86
5;Wred;d;2021-09-06;23.81
6;Wfull_plus;a;2022-04-19;0.2
6;Wfull_plus;b;2022-04-19;0.7
6;Wfull_plus;c;2022-04-19;0.2
6;Wfull_plus;d;2022-04-19;0.7
6;Wfull;a;2022-04-19;0.2
6;Wfull;b;2022-04-19;0.6
6;Wfull;c;2022-04-19;0.2
6;Wfull;d;2022-04-19;0.7
6;Wred;a;2022-04-19;0.2
6;Wred;b;2022-04-19;0.7
6;Wred;c;2022-04-19;0.2
6;Wred;d;2022-04-19;0.7
6;Wfull_plus;a;2022-04-22;7.5
6;Wfull_plus;b;2022-04-22;7.1
6;Wfull_plus;c;2022-04-22;6.9
6;Wfull_plus;d;2022-04-22;7.3
6;Wfull;a;2022-04-22;7.3
6;Wfull;b;2022-04-22;6.9
6;Wfull;c;2022-04-22;7.5
6;Wfull;d;2022-04-22;7.1
6;Wred;a;2022-04-22;6.9
6;Wred;b;2022-04-22;7.3
6;Wred;c;2022-04-22;7.1
6;Wred;d;2022-04-22;7.5
6;Wfull_plus;a;2022-04-28;7.6
6;Wfull_plus;b;2022-04-28;7.1
6;Wfull_plus;c;2022-04-28;7
6;Wfull_plus;d;2022-04-28;7.5
6;Wfull;a;2022-04-28;7.4
6;Wfull;b;2022-04-28;7.1
6;Wfull;c;2022-04-28;7.6
6;Wfull;d;2022-04-28;7.1
6;Wred;a;2022-04-28;7.1
6;Wred;b;2022-04-28;7.4
6;Wred;c;2022-04-28;7.1
6;Wred;d;2022-04-28;7.6
6;Wfull_plus;a;2022-05-02;7.6
6;Wfull_plus;b;2022-05-02;7.1
6;Wfull_plus;c;2022-05-02;7
6;Wfull_plus;d;2022-05-02;7.4
6;Wfull;a;2022-05-02;7.4
6;Wfull;b;2022-05-02;7.1
6;Wfull;c;2022-05-02;7.6
6;Wfull;d;2022-05-02;7.1
6;Wred;a;2022-05-02;7.1
6;Wred;b;2022-05-02;7.4
6;Wred;c;2022-05-02;7
6;Wred;d;2022-05-02;7.6
6;Wfull_plus;a;2022-05-06;16.8
6;Wfull_plus;b;2022-05-06;15.4
6;Wfull_plus;c;2022-05-06;15.5
6;Wfull_plus;d;2022-05-06;16.4
6;Wfull;a;2022-05-06;8.6
6;Wfull;b;2022-05-06;8.3
6;Wfull;c;2022-05-06;8.7
6;Wfull;d;2022-05-06;8.2
6;Wred;a;2022-05-06;1
6;Wred;b;2022-05-06;1.1
6;Wred;c;2022-05-06;1.1
6;Wred;d;2022-05-06;1
6;Wfull_plus;a;2022-05-07;10.5
6;Wfull_plus;b;2022-05-07;9.6
6;Wfull_plus;c;2022-05-07;9.7
6;Wfull_plus;d;2022-05-07;10.3
6;Wfull_plus;a;2022-05-09;4.2
6;Wfull_plus;b;2022-05-09;3.9
6;Wfull_plus;c;2022-05-09;3.9
6;Wfull_plus;d;2022-05-09;4.2
6;Wfull;a;2022-05-09;4.1
6;Wfull;b;2022-05-09;3.9
6;Wfull;c;2022-05-09;4.3
6;Wfull;d;2022-05-09;4
6;Wred;a;2022-05-09;3.9
6;Wred;b;2022-05-09;4.1
6;Wred;c;2022-05-09;3.9
6;Wred;d;2022-05-09;4.3
6;Wfull_plus;a;2022-05-14;24.9
6;Wfull_plus;b;2022-05-14;22.7
6;Wfull_plus;c;2022-05-14;22.9
6;Wfull_plus;d;2022-05-14;24.3
6;Wfull;a;2022-05-14;15.8
6;Wfull;b;2022-05-14;15
6;Wfull;c;2022-05-14;16.3
6;Wfull;d;2022-05-14;15.1
6;Wfull_plus;a;2022-05-23;4.9
6;Wfull_plus;b;2022-05-23;4.4
6;Wfull_plus;c;2022-05-23;4.5
6;Wfull_plus;d;2022-05-23;4.7
6;Wfull;a;2022-05-23;4.6
6;Wfull;b;2022-05-23;4.5
6;Wfull;c;2022-05-23;4.9
6;Wfull;d;2022-05-23;4.4
6;Wred;a;2022-05-23;4.5
6;Wred;b;2022-05-23;4.6
6;Wred;c;2022-05-23;4.4
6;Wred;d;2022-05-23;4.9
6;Wfull_plus;a;2022-05-25;31.6
6;Wfull_plus;b;2022-05-25;28.2
6;Wfull_plus;c;2022-05-25;28.9
6;Wfull_plus;d;2022-05-25;29.8
6;Wfull;a;2022-05-26;21.9
6;Wfull;b;2022-05-26;21.2
6;Wfull;c;2022-05-26;22.8
6;Wfull;d;2022-05-26;20.8
6;Wfull_plus;a;2022-05-28;22.9
6;Wfull_plus;b;2022-05-28;20.2
6;Wfull_plus;c;2022-05-28;20.7
6;Wfull_plus;d;2022-05-28;21.2
6;Wfull;a;2022-05-30;17.3
6;Wfull;b;2022-05-30;16.6
6;Wfull;c;2022-05-30;18.1
6;Wfull;d;2022-05-30;16.5
7;Wfull_plus;a;2022-06-16;9.4
7;Wfull_plus;b;2022-06-16;9.2
7;Wfull_plus;c;2022-06-16;9.6
7;Wfull_plus;d;2022-06-16;9
7;Wfull;a;2022-06-16;9
7;Wfull;b;2022-06-16;9.7
7;Wfull;c;2022-06-16;9.4
7;Wfull;d;2022-06-16;9.2
7;Wred;a;2022-06-16;9.7
7;Wred;b;2022-06-16;9
7;Wred;c;2022-06-16;9.2
7;Wred;d;2022-06-16;9.4
7;Wfull_plus;a;2022-06-18;9.6
7;Wfull_plus;b;2022-06-18;9.4
7;Wfull_plus;c;2022-06-18;9.8
7;Wfull_plus;d;2022-06-18;9.2
7;Wfull;a;2022-06-18;9.1
7;Wfull;b;2022-06-18;9.8
7;Wfull;c;2022-06-18;9.6
7;Wfull;d;2022-06-18;9.4
7;Wred;a;2022-06-18;9.8
7;Wred;b;2022-06-18;9.1
7;Wred;c;2022-06-18;9.4
7;Wred;d;2022-06-18;9.6
7;Wfull_plus;a;2022-06-20;9.7
7;Wfull_plus;b;2022-06-20;9.6
7;Wfull_plus;c;2022-06-20;9.8
7;Wfull_plus;d;2022-06-20;9.2
7;Wfull;a;2022-06-20;9.1
7;Wfull;b;2022-06-20;9.9
7;Wfull;c;2022-06-20;9.7
7;Wfull;d;2022-06-20;9.6
7;Wred;a;2022-06-20;9.8
7;Wred;b;2022-06-20;9.2
7;Wred;c;2022-06-20;9.6
7;Wred;d;2022-06-20;9.7
7;Wfull_plus;a;2022-06-22;5
7;Wfull_plus;b;2022-06-22;5
7;Wfull_plus;c;2022-06-22;5.1
7;Wfull_plus;d;2022-06-22;4.7
7;Wfull;a;2022-06-22;4.7
7;Wfull;b;2022-06-22;5.1
7;Wfull;c;2022-06-22;5
7;Wfull;d;2022-06-22;5
7;Wred;a;2022-06-22;5.1
7;Wred;b;2022-06-22;4.7
7;Wred;c;2022-06-22;5
7;Wred;d;2022-06-22;5
7;Wfull_plus;a;2022-07-01;16.7
7;Wfull_plus;b;2022-07-01;16.5
7;Wfull_plus;c;2022-07-01;17
7;Wfull_plus;d;2022-07-01;15.8
7;Wfull;a;2022-07-01;10.4
7;Wfull;b;2022-07-01;11.4
7;Wfull;c;2022-07-01;11
7;Wfull;d;2022-07-01;11
7;Wfull_plus;a;2022-07-04;12.7
7;Wfull_plus;b;2022-07-04;12.2
7;Wfull_plus;c;2022-07-04;12.7
7;Wfull_plus;d;2022-07-04;12
7;Wfull;a;2022-07-05;10.3
7;Wfull;b;2022-07-05;11
7;Wfull;c;2022-07-05;10.7
7;Wfull;d;2022-07-05;10.6
7;Wfull_plus;a;2022-07-07;12.2
7;Wfull_plus;b;2022-07-07;11.7
7;Wfull_plus;c;2022-07-07;11.8
7;Wfull_plus;d;2022-07-07;11.5
7;Wred;a;2022-07-07;10.5
7;Wred;b;2022-07-07;9.8
7;Wred;c;2022-07-07;10
7;Wred;d;2022-07-07;10.5
7;Wfull_plus;a;2022-07-09;10.9
7;Wfull_plus;b;2022-07-09;10.8
7;Wfull_plus;c;2022-07-09;11
7;Wfull_plus;d;2022-07-09;10.6
7;Wfull;a;2022-07-09;11.5
7;Wfull;b;2022-07-09;12.1
7;Wfull;c;2022-07-09;11.7
7;Wfull;d;2022-07-09;11.9
7;Wfull_plus;a;2022-07-11;5.4
7;Wfull_plus;b;2022-07-11;5.5
7;Wfull_plus;c;2022-07-11;5.6
7;Wfull_plus;d;2022-07-11;5.3
7;Wfull;a;2022-07-11;5.3
7;Wfull;b;2022-07-11;5.6
7;Wfull;c;2022-07-11;5.4
7;Wfull;d;2022-07-11;5.5
7;Wred;a;2022-07-11;5.6
7;Wred;b;2022-07-11;5.3
7;Wred;c;2022-07-11;5.4
7;Wred;d;2022-07-11;5.4
7;Wfull_plus;a;2022-07-14;26.3
7;Wfull_plus;b;2022-07-14;26.7
7;Wfull_plus;c;2022-07-14;27.1
7;Wfull_plus;d;2022-07-14;26.2
7;Wfull;a;2022-07-14;20.7
7;Wfull;b;2022-07-14;21.9
7;Wfull;c;2022-07-14;20.6
7;Wfull;d;2022-07-14;21.5
7;Wfull_plus;a;2022-07-16;18.3
7;Wfull_plus;b;2022-07-16;18.3
7;Wfull_plus;c;2022-07-16;18.3
7;Wfull_plus;d;2022-07-16;17.4
7;Wfull_plus;a;2022-07-19;30.7
7;Wfull_plus;b;2022-07-19;31
7;Wfull_plus;c;2022-07-19;31.1
7;Wfull_plus;d;2022-07-19;29.3
7;Wfull;a;2022-07-19;39.3
7;Wfull;b;2022-07-19;41.2
7;Wfull;c;2022-07-19;40.5
7;Wfull;d;2022-07-19;41
7;Wred;a;2022-07-19;34.7
7;Wred;b;2022-07-19;32.8
7;Wred;c;2022-07-19;34.4
7;Wred;d;2022-07-19;34.3
7;Wfull_plus;a;2022-07-23;20.7
7;Wfull_plus;b;2022-07-23;21.3
7;Wfull_plus;c;2022-07-23;20.3
7;Wfull_plus;d;2022-07-23;20.4
7;Wfull;a;2022-07-24;23.4
7;Wfull;b;2022-07-24;23.8
7;Wfull;c;2022-07-24;23.2
7;Wfull;d;2022-07-24;23.7
8;Wfull_plus;a;2022-07-25;0.2
8;Wfull_plus;b;2022-07-25;0.3
8;Wfull_plus;c;2022-07-25;0.2
8;Wfull_plus;d;2022-07-25;0.3
8;Wfull;a;2022-07-25;0.2
8;Wfull;b;2022-07-25;0.3
8;Wfull;c;2022-07-25;0.2
8;Wfull;d;2022-07-25;0.2
8;Wred;a;2022-07-25;0.2
8;Wred;b;2022-07-25;0.3
8;Wred;c;2022-07-25;0.2
8;Wred;d;2022-07-25;0.3
8;Wfull_plus;a;2022-07-26;9
8;Wfull_plus;b;2022-07-26;8.6
8;Wfull_plus;c;2022-07-26;8.7
8;Wfull_plus;d;2022-07-26;8.6
8;Wfull;a;2022-07-26;8.6
8;Wfull;b;2022-07-26;8.7
8;Wfull;c;2022-07-26;9
8;Wfull;d;2022-07-26;8.6
8;Wred;a;2022-07-26;8.7
8;Wred;b;2022-07-26;8.6
8;Wred;c;2022-07-26;8.6
8;Wred;d;2022-07-26;9
8;Wfull_plus;a;2022-07-27;3.7
8;Wfull_plus;b;2022-07-27;3.5
8;Wfull_plus;c;2022-07-27;3.5
8;Wfull_plus;d;2022-07-27;3.5
8;Wfull;a;2022-07-27;3.5
8;Wfull;b;2022-07-27;3.5
8;Wfull;c;2022-07-27;3.7
8;Wfull;d;2022-07-27;3.5
8;Wred;a;2022-07-27;3.5
8;Wred;b;2022-07-27;3.5
8;Wred;c;2022-07-27;3.5
8;Wred;d;2022-07-27;3.7
8;Wfull_plus;a;2022-07-29;4.2
8;Wfull_plus;b;2022-07-29;4
8;Wfull_plus;c;2022-07-29;3.8
8;Wfull_plus;d;2022-07-29;3.7
8;Wfull;a;2022-07-29;4
8;Wfull;b;2022-07-29;4.1
8;Wfull;c;2022-07-29;4
8;Wfull;d;2022-07-29;3.7
8;Wred;a;2022-07-29;4.1
8;Wred;b;2022-07-29;4
8;Wred;c;2022-07-29;3.8
8;Wred;d;2022-07-29;3.9
8;Wfull_plus;a;2022-07-30;1.8
8;Wfull_plus;b;2022-07-30;1.7
8;Wfull_plus;c;2022-07-30;1.7
8;Wfull_plus;d;2022-07-30;1.7
8;Wfull;a;2022-07-30;1.7
8;Wfull;b;2022-07-30;1.8
8;Wfull;c;2022-07-30;1.8
8;Wfull;d;2022-07-30;1.7
8;Wred;a;2022-07-30;1.8
8;Wred;b;2022-07-30;1.7
8;Wred;c;2022-07-30;1.7
8;Wred;d;2022-07-30;1.8
8;Wfull_plus;a;2022-07-31;1.3
8;Wfull_plus;b;2022-07-31;1.2
8;Wfull_plus;c;2022-07-31;1.3
8;Wfull_plus;d;2022-07-31;1.3
8;Wfull;a;2022-07-31;1.3
8;Wfull;b;2022-07-31;1.3
8;Wfull;c;2022-07-31;1.3
8;Wfull;d;2022-07-31;1.3
8;Wred;a;2022-07-31;1.3
8;Wred;b;2022-07-31;1.2
8;Wred;c;2022-07-31;1.2
8;Wred;d;2022-07-31;1.3
8;Wfull_plus;a;2022-08-01;11.5
8;Wfull_plus;b;2022-08-01;10.8
8;Wfull_plus;c;2022-08-01;10.9
8;Wfull_plus;d;2022-08-01;10.8
8;Wfull;a;2022-08-01;11
8;Wfull;b;2022-08-01;10.9
8;Wfull;c;2022-08-01;11.4
8;Wfull;d;2022-08-01;10.8
8;Wred;a;2022-08-01;11
8;Wred;b;2022-08-01;10.8
8;Wred;c;2022-08-01;10.8
8;Wred;d;2022-08-01;11.3
8;Wfull_plus;a;2022-08-03;9.2
8;Wfull_plus;b;2022-08-03;8.7
8;Wfull_plus;c;2022-08-03;8.7
8;Wfull_plus;d;2022-08-03;8.7
8;Wfull;a;2022-08-03;8.7
8;Wfull;b;2022-08-03;8.7
8;Wfull;c;2022-08-03;9.1
8;Wfull;d;2022-08-03;8.8
8;Wred;a;2022-08-03;8.8
8;Wred;b;2022-08-03;8.6
8;Wred;c;2022-08-03;8.7
8;Wred;d;2022-08-03;9.1
8;Wfull_plus;a;2022-08-05;9.2
8;Wfull_plus;b;2022-08-05;8.8
8;Wfull_plus;c;2022-08-05;8.8
8;Wfull_plus;d;2022-08-05;8.8
8;Wfull;a;2022-08-05;8.8
8;Wfull;b;2022-08-05;8.8
8;Wfull;c;2022-08-05;9.2
8;Wfull;d;2022-08-05;8.8
8;Wred;a;2022-08-05;8.9
8;Wred;b;2022-08-05;8.7
8;Wred;c;2022-08-05;8.8
8;Wred;d;2022-08-05;9.2
8;Wfull_plus;a;2022-08-06;9.2
8;Wfull_plus;b;2022-08-06;8.8
8;Wfull_plus;c;2022-08-06;8.8
8;Wfull_plus;d;2022-08-06;8.9
8;Wfull;a;2022-08-06;8.9
8;Wfull;b;2022-08-06;8.8
8;Wfull;c;2022-08-06;9.2
8;Wfull;d;2022-08-06;8.8
8;Wred;a;2022-08-06;8.8
8;Wred;b;2022-08-06;8.9
8;Wred;c;2022-08-06;8.8
8;Wred;d;2022-08-06;9.2
8;Wfull_plus;a;2022-08-08;9.2
8;Wfull_plus;b;2022-08-08;8.9
8;Wfull_plus;c;2022-08-08;9
8;Wfull_plus;d;2022-08-08;9.1
8;Wfull;a;2022-08-08;9.2
8;Wfull;b;2022-08-08;9
8;Wfull;c;2022-08-08;9.1
8;Wfull;d;2022-08-08;8.9
8;Wred;a;2022-08-08;9
8;Wred;b;2022-08-08;9.2
8;Wred;c;2022-08-08;8.9
8;Wred;d;2022-08-08;9.1
8;Wfull_plus;a;2022-08-09;9.2
8;Wfull_plus;b;2022-08-09;8.9
8;Wfull_plus;c;2022-08-09;9.1
8;Wfull_plus;d;2022-08-09;9.2
8;Wfull;a;2022-08-09;9.3
8;Wfull;b;2022-08-09;9.1
8;Wfull;c;2022-08-09;9.2
8;Wfull;d;2022-08-09;8.9
8;Wred;a;2022-08-09;9.2
8;Wred;b;2022-08-09;9.3
8;Wred;c;2022-08-09;8.9
8;Wred;d;2022-08-09;9.2
8;Wfull_plus;a;2022-08-12;10.3
8;Wfull_plus;b;2022-08-12;10.2
8;Wfull_plus;c;2022-08-12;10.3
8;Wfull_plus;d;2022-08-12;10.3
8;Wfull;a;2022-08-13;10.5
8;Wfull;b;2022-08-13;10.5
8;Wfull;c;2022-08-13;10.2
8;Wfull;d;2022-08-13;10.2
8;Wfull_plus;a;2022-08-16;16.5
8;Wfull_plus;b;2022-08-16;16.5
8;Wfull_plus;c;2022-08-16;16.7
8;Wfull_plus;d;2022-08-16;16.7
8;Wfull;a;2022-08-18;11.3
8;Wfull;b;2022-08-18;11.2
8;Wfull;c;2022-08-18;10.9
8;Wfull;d;2022-08-18;10.9
8;Wfull_plus;a;2022-08-19;10.4
8;Wfull_plus;b;2022-08-19;10.6
8;Wfull_plus;c;2022-08-19;10.6
8;Wfull_plus;d;2022-08-19;10.7
8;Wred;a;2022-08-20;10.7
8;Wred;b;2022-08-20;10.8
8;Wred;c;2022-08-20;10.6
8;Wred;d;2022-08-20;10.5
8;Wfull_plus;a;2022-08-22;19.9
8;Wfull_plus;b;2022-08-22;20
8;Wfull_plus;c;2022-08-22;20.4
8;Wfull_plus;d;2022-08-22;20.6
8;Wfull;a;2022-08-22;20.5
8;Wfull;b;2022-08-22;20.3
8;Wfull;c;2022-08-22;19.8
8;Wfull;d;2022-08-22;20.1
8;Wred;a;2022-08-22;11
8;Wred;b;2022-08-22;11.2
8;Wred;c;2022-08-22;10.9
8;Wred;d;2022-08-22;10.7
8;Wfull_plus;a;2022-08-25;24.8
8;Wfull_plus;b;2022-08-25;25
8;Wfull_plus;c;2022-08-25;24.9
8;Wfull_plus;d;2022-08-25;25.9
8;Wfull;a;2022-08-25;21.6
8;Wfull;b;2022-08-25;20.8
8;Wfull;c;2022-08-25;20.5
8;Wfull;d;2022-08-25;21.4
8;Wred;d;2022-08-25;0.4
8;Wfull_plus;a;2022-08-29;27.1
8;Wfull_plus;b;2022-08-29;27.7
8;Wfull_plus;c;2022-08-29;27.7
8;Wfull_plus;d;2022-08-29;28.6
8;Wfull;a;2022-08-29;23.1
8;Wfull;b;2022-08-29;22.5
8;Wfull;c;2022-08-29;21.9
8;Wfull;d;2022-08-29;22.7
8;Wred;a;2022-08-29;10.7
8;Wred;b;2022-08-29;11.1
8;Wred;c;2022-08-29;10.9
8;Wred;d;2022-08-29;10.4
8;Wfull_plus;a;2022-09-02;20.6
8;Wfull_plus;b;2022-09-02;21.2
8;Wfull_plus;c;2022-09-02;21
8;Wfull_plus;d;2022-09-02;21.5
8;Wfull;a;2022-09-03;21.7
8;Wfull;b;2022-09-03;21.1
8;Wfull;c;2022-09-03;20.5
8;Wfull;d;2022-09-03;21.3
